{"cameraMode":{"drawMode":0,"name":"Shaded","section":"Shading Mode"},"sceneLighting":true,"audioPlay":false,"sceneViewState":{"showFog":true,"showMaterialUpdate":false,"showSkybox":true,"showFlares":true,"showImageEffects":true,"showParticleSystems":true},"in2DMode":false,"pivot":{"x":-0.6475532650947571,"y":2.5296881198883058,"z":-0.4028947353363037},"rotation":{"x":0.14706821739673615,"y":-0.41930127143859866,"z":-0.06904041022062302,"w":-0.8931931853294373},"size":2.70739483833313,"orthographic":false}